multiplier,growth,n,one,split,d_wei,rel,exact
1000000000000000000000000000,0.01,1,1010000000000000000208166817,1010000000000000000208166817,0,0.0,1010000000000000000208166817.1172
1000000000000000000000000000,0.01,2,1010000000000000000208166817,1010000000000000000208166817,0,0.0,1010000000000000000208166817.1172
1000000000000000000000000000,0.01,10,1010000000000000000208166817,1010000000000000000208166817,0,0.0,1010000000000000000208166817.1172
1000000000000000000000000000,0.01,100,1010000000000000000208166817,1010000000000000000208166816,-1,-9.90099e-28,1010000000000000000208166817.1172
1000000000000000000000000000,0.01,1000,1010000000000000000208166817,1010000000000000000208166816,-1,-9.90099e-28,1010000000000000000208166817.1172
1000000000000000000000000000,0.01,8760,1010000000000000000208166817,1010000000000000000208166818,1,9.90099e-28,1010000000000000000208166817.1172
1000000000000000000000000000,0.01,30000,1010000000000000000208166817,1010000000000000000208166824,7,6.93069e-27,1010000000000000000208166817.1172
1000000000000000000000000000,0.05,1,1050000000000000002775557562,1050000000000000002775557562,0,0.0,1050000000000000002775557561.5629
1000000000000000000000000000,0.05,2,1050000000000000002775557562,1050000000000000002775557562,0,0.0,1050000000000000002775557561.5629
1000000000000000000000000000,0.05,10,1050000000000000002775557562,1050000000000000002775557562,0,0.0,1050000000000000002775557561.5629
1000000000000000000000000000,0.05,100,1050000000000000002775557562,1050000000000000002775557563,1,9.52381e-28,1050000000000000002775557561.5629
1000000000000000000000000000,0.05,1000,1050000000000000002775557562,1050000000000000002775557562,0,0.0,1050000000000000002775557561.5629
1000000000000000000000000000,0.05,8760,1050000000000000002775557562,1050000000000000002775557563,1,9.52381e-28,1050000000000000002775557561.5629
1000000000000000000000000000,0.05,30000,1050000000000000002775557562,1050000000000000002775557548,-14,-1.33333e-26,1050000000000000002775557561.5629
1000000000000000000000000000,0.1,1,1100000000000000005551115123,1100000000000000005551115123,0,0.0,1100000000000000005551115123.1258
1000000000000000000000000000,0.1,2,1100000000000000005551115123,1100000000000000005551115123,0,0.0,1100000000000000005551115123.1258
1000000000000000000000000000,0.1,10,1100000000000000005551115123,1100000000000000005551115123,0,0.0,1100000000000000005551115123.1258
1000000000000000000000000000,0.1,100,1100000000000000005551115123,1100000000000000005551115124,1,9.09091e-28,1100000000000000005551115123.1258
1000000000000000000000000000,0.1,1000,1100000000000000005551115123,1100000000000000005551115130,7,6.36364e-27,1100000000000000005551115123.1258
1000000000000000000000000000,0.1,8760,1100000000000000005551115123,1100000000000000005551115105,-18,-1.63636e-26,1100000000000000005551115123.1258
1000000000000000000000000000,0.1,30000,1100000000000000005551115123,1100000000000000005551115090,-33,-3.0e-26,1100000000000000005551115123.1258
1000000000000000000000000000,0.25,1,1250000000000000000000000000,1250000000000000000000000000,0,0.0,1250000000000000000000000000.0
1000000000000000000000000000,0.25,2,1250000000000000000000000000,1250000000000000000000000000,0,0.0,1250000000000000000000000000.0
1000000000000000000000000000,0.25,10,1250000000000000000000000000,1250000000000000000000000000,0,0.0,1250000000000000000000000000.0
1000000000000000000000000000,0.25,100,1250000000000000000000000000,1249999999999999999999999995,-5,-4.0e-27,1250000000000000000000000000.0
1000000000000000000000000000,0.25,1000,1250000000000000000000000000,1250000000000000000000000010,10,8.0e-27,1250000000000000000000000000.0
1000000000000000000000000000,0.25,8760,1250000000000000000000000000,1249999999999999999999999950,-50,-4.0e-26,1250000000000000000000000000.0
1000000000000000000000000000,0.25,30000,1250000000000000000000000000,1250000000000000000000000016,16,1.28e-26,1250000000000000000000000000.0
1000000000000000000000000000,0.5,1,1500000000000000000000000000,1500000000000000000000000000,0,0.0,1500000000000000000000000000.0
1000000000000000000000000000,0.5,2,1500000000000000000000000000,1500000000000000000000000000,0,0.0,1500000000000000000000000000.0
1000000000000000000000000000,0.5,10,1500000000000000000000000000,1500000000000000000000000002,2,1.33333e-27,1500000000000000000000000000.0
1000000000000000000000000000,0.5,100,1500000000000000000000000000,1499999999999999999999999991,-9,-6.0e-27,1500000000000000000000000000.0
1000000000000000000000000000,0.5,1000,1500000000000000000000000000,1500000000000000000000000040,40,2.66667e-26,1500000000000000000000000000.0
1000000000000000000000000000,0.5,8760,1500000000000000000000000000,1499999999999999999999999954,-46,-3.06667e-26,1500000000000000000000000000.0
1000000000000000000000000000,0.5,30000,1500000000000000000000000000,1499999999999999999999999358,-642,-4.28e-25,1500000000000000000000000000.0
1500000000000000000000000000,0.01,1,1015037437733209917605953342,1015037437733209917605953342,0,0.0,1015037437733209917605953349.2596
1500000000000000000000000000,0.01,2,1015037437733209917605953342,1015037437733209917605953339,-3,-2.95556e-27,1015037437733209917605953349.2596
1500000000000000000000000000,0.01,10,1015037437733209917605953342,1015037437733209917605953271,-71,-6.99482e-26,1015037437733209917605953349.2596
1500000000000000000000000000,0.01,100,1015037437733209917605953342,1015037437733209917605953021,-321,-3.16244e-25,1015037437733209917605953349.2596
1500000000000000000000000000,0.01,1000,1015037437733209917605953342,1015037437733209917605949219,-4123,-4.06192e-24,1015037437733209917605953349.2596
1500000000000000000000000000,0.01,8760,1015037437733209917605953342,1015037437733209917605934642,-18700,-1.8423e-23,1015037437733209917605953349.2596
1500000000000000000000000000,0.01,30000,1015037437733209917605953342,1015037437733209917605906263,-47079,-4.63815e-23,1015037437733209917605953349.2596
1500000000000000000000000000,0.05,1,1075929830425757834504359303,1075929830425757834504359303,0,0.0,1075929830425757834504359313.668
1500000000000000000000000000,0.05,2,1075929830425757834504359303,1075929830425757834504359299,-4,-3.71771e-27,1075929830425757834504359313.668
1500000000000000000000000000,0.05,10,1075929830425757834504359303,1075929830425757834504359276,-27,-2.50946e-26,1075929830425757834504359313.668
1500000000000000000000000000,0.05,100,1075929830425757834504359303,1075929830425757834504358895,-408,-3.79207e-25,1075929830425757834504359313.668
1500000000000000000000000000,0.05,1000,1075929830425757834504359303,1075929830425757834504354600,-4703,-4.3711e-24,1075929830425757834504359313.668
1500000000000000000000000000,0.05,8760,1075929830425757834504359303,1075929830425757834504332917,-26386,-2.45239e-23,1075929830425757834504359313.668
1500000000000000000000000000,0.05,30000,1075929830425757834504359303,1075929830425757834504312935,-46368,-4.30957e-23,1075929830425757834504359313.668
1500000000000000000000000000,0.1,1,1153689732987166710423686842,1153689732987166710423686842,0,0.0,1153689732987166710423686852.5661
1500000000000000000000000000,0.1,2,1153689732987166710423686842,1153689732987166710423686836,-6,-5.20071e-27,1153689732987166710423686852.5661
1500000000000000000000000000,0.1,10,1153689732987166710423686842,1153689732987166710423686773,-69,-5.98081e-26,1153689732987166710423686852.5661
1500000000000000000000000000,0.1,100,1153689732987166710423686842,1153689732987166710423686265,-577,-5.00134e-25,1153689732987166710423686852.5661
1500000000000000000000000000,0.1,1000,1153689732987166710423686842,1153689732987166710423683533,-3309,-2.86819e-24,1153689732987166710423686852.5661
1500000000000000000000000000,0.1,8760,1153689732987166710423686842,1153689732987166710423654085,-32757,-2.83932e-23,1153689732987166710423686852.5661
1500000000000000000000000000,0.1,30000,1153689732987166710423686842,1153689732987166710423662502,-24340,-2.10975e-23,1153689732987166710423686852.5661
1500000000000000000000000000,0.25,1,1397542485937368560255733523,1397542485937368560255733523,0,0.0,1397542485937368560255733542.957
1500000000000000000000000000,0.25,2,1397542485937368560255733523,1397542485937368560255733510,-13,-9.30204e-27,1397542485937368560255733542.957
1500000000000000000000000000,0.25,10,1397542485937368560255733523,1397542485937368560255733449,-74,-5.29501e-26,1397542485937368560255733542.957
1500000000000000000000000000,0.25,100,1397542485937368560255733523,1397542485937368560255732776,-747,-5.3451e-25,1397542485937368560255733542.957
1500000000000000000000000000,0.25,1000,1397542485937368560255733523,1397542485937368560255727849,-5674,-4.05998e-24,1397542485937368560255733542.957
1500000000000000000000000000,0.25,8760,1397542485937368560255733523,1397542485937368560255691245,-42278,-3.02517e-23,1397542485937368560255733542.957
1500000000000000000000000000,0.25,30000,1397542485937368560255733523,1397542485937368560255656246,-77277,-5.52949e-23,1397542485937368560255733542.957
1500000000000000000000000000,0.5,1,1837117307087383573647963032,1837117307087383573647963032,0,0.0,1837117307087383573647963056.0294
1500000000000000000000000000,0.5,2,1837117307087383573647963032,1837117307087383573647963012,-20,-1.08866e-26,1837117307087383573647963056.0294
1500000000000000000000000000,0.5,10,1837117307087383573647963032,1837117307087383573647962911,-121,-6.58641e-26,1837117307087383573647963056.0294
1500000000000000000000000000,0.5,100,1837117307087383573647963032,1837117307087383573647961821,-1211,-6.59185e-25,1837117307087383573647963056.0294
1500000000000000000000000000,0.5,1000,1837117307087383573647963032,1837117307087383573647956955,-6077,-3.3079e-24,1837117307087383573647963056.0294
1500000000000000000000000000,0.5,8760,1837117307087383573647963032,1837117307087383573647914481,-48551,-2.64278e-23,1837117307087383573647963056.0294
1500000000000000000000000000,0.5,30000,1837117307087383573647963032,1837117307087383573647752120,-210912,-1.14806e-22,1837117307087383573647963056.0294
2000000000000000000000000000,0.01,1,1020100000000000000420496970,1020100000000000000420496970,0,0.0,1020100000000000000420496970.5768
2000000000000000000000000000,0.01,2,1020100000000000000420496970,1020100000000000000420496970,0,0.0,1020100000000000000420496970.5768
2000000000000000000000000000,0.01,10,1020100000000000000420496970,1020100000000000000420496971,1,9.80296e-28,1020100000000000000420496970.5768
2000000000000000000000000000,0.01,100,1020100000000000000420496970,1020100000000000000420496964,-6,-5.88178e-27,1020100000000000000420496970.5768
2000000000000000000000000000,0.01,1000,1020100000000000000420496970,1020100000000000000420496864,-106,-1.03911e-25,1020100000000000000420496970.5768
2000000000000000000000000000,0.01,8760,1020100000000000000420496970,1020100000000000000420494898,-2072,-2.03117e-24,1020100000000000000420496970.5768
2000000000000000000000000000,0.01,30000,1020100000000000000420496970,1020100000000000000420482385,-14585,-1.42976e-23,1020100000000000000420496970.5768
2000000000000000000000000000,0.05,1,1102500000000000005828670880,1102500000000000005828670880,0,0.0,1102500000000000005828670879.2821
2000000000000000000000000000,0.05,2,1102500000000000005828670880,1102500000000000005828670880,0,0.0,1102500000000000005828670879.2821
2000000000000000000000000000,0.05,10,1102500000000000005828670880,1102500000000000005828670882,2,1.81406e-27,1102500000000000005828670879.2821
2000000000000000000000000000,0.05,100,1102500000000000005828670880,1102500000000000005828670920,40,3.62812e-26,1102500000000000005828670879.2821
2000000000000000000000000000,0.05,1000,1102500000000000005828670880,1102500000000000005828670945,65,5.89569e-26,1102500000000000005828670879.2821
2000000000000000000000000000,0.05,8760,1102500000000000005828670880,1102500000000000005828666978,-3902,-3.53923e-24,1102500000000000005828670879.2821
2000000000000000000000000000,0.05,30000,1102500000000000005828670880,1102500000000000005828682611,11731,1.06404e-23,1102500000000000005828670879.2821
2000000000000000000000000000,0.1,1,1210000000000000012212453271,1210000000000000012212453271,0,0.0,1210000000000000012212453270.8767
2000000000000000000000000000,0.1,2,1210000000000000012212453271,1210000000000000012212453271,0,0.0,1210000000000000012212453270.8767
2000000000000000000000000000,0.1,10,1210000000000000012212453271,1210000000000000012212453269,-2,-1.65289e-27,1210000000000000012212453270.8767
2000000000000000000000000000,0.1,100,1210000000000000012212453271,1210000000000000012212453312,41,3.38843e-26,1210000000000000012212453270.8767
2000000000000000000000000000,0.1,1000,1210000000000000012212453271,1210000000000000012212453004,-267,-2.20661e-25,1210000000000000012212453270.8767
2000000000000000000000000000,0.1,8760,1210000000000000012212453271,1210000000000000012212454093,822,6.79339e-25,1210000000000000012212453270.8767
2000000000000000000000000000,0.1,30000,1210000000000000012212453271,1210000000000000012212462611,9340,7.71901e-24,1210000000000000012212453270.8767
2000000000000000000000000000,0.25,1,1562500000000000000000000000,1562500000000000000000000000,0,0.0,1562500000000000000000000000.0
2000000000000000000000000000,0.25,2,1562500000000000000000000000,1562500000000000000000000000,0,0.0,1562500000000000000000000000.0
2000000000000000000000000000,0.25,10,1562500000000000000000000000,1562500000000000000000000005,5,3.2e-27,1562500000000000000000000000.0
2000000000000000000000000000,0.25,100,1562500000000000000000000000,1562499999999999999999999951,-49,-3.136e-26,1562500000000000000000000000.0
2000000000000000000000000000,0.25,1000,1562500000000000000000000000,1562499999999999999999999380,-620,-3.968e-25,1562500000000000000000000000.0
2000000000000000000000000000,0.25,8760,1562500000000000000000000000,1562500000000000000000004546,4546,2.90944e-24,1562500000000000000000000000.0
2000000000000000000000000000,0.25,30000,1562500000000000000000000000,1562500000000000000000009875,9875,6.32e-24,1562500000000000000000000000.0
2000000000000000000000000000,0.5,1,2250000000000000000000000000,2250000000000000000000000000,0,0.0,2250000000000000000000000000.0
2000000000000000000000000000,0.5,2,2250000000000000000000000000,2250000000000000000000000001,1,4.44444e-28,2250000000000000000000000000.0
2000000000000000000000000000,0.5,10,2250000000000000000000000000,2250000000000000000000000000,0,0.0,2250000000000000000000000000.0
2000000000000000000000000000,0.5,100,2250000000000000000000000000,2250000000000000000000000079,79,3.51111e-26,2250000000000000000000000000.0
2000000000000000000000000000,0.5,1000,2250000000000000000000000000,2249999999999999999999999797,-203,-9.02222e-26,2250000000000000000000000000.0
2000000000000000000000000000,0.5,8760,2250000000000000000000000000,2249999999999999999999990714,-9286,-4.12711e-24,2250000000000000000000000000.0
2000000000000000000000000000,0.5,30000,2250000000000000000000000000,2250000000000000000000010497,10497,4.66533e-24,2250000000000000000000000000.0
1250000000000000000000000000,0.01,1,1012515586107464331409196405,1012515586107464331409196405,0,0.0,1012515586107464331409196407.6169
1250000000000000000000000000,0.01,2,1012515586107464331409196405,1012515586107464331409196400,-5,-4.9382e-27,1012515586107464331409196407.6169
1250000000000000000000000000,0.01,10,1012515586107464331409196405,1012515586107464331409196377,-28,-2.76539e-26,1012515586107464331409196407.6169
1250000000000000000000000000,0.01,100,1012515586107464331409196405,1012515586107464331409196146,-259,-2.55799e-25,1012515586107464331409196407.6169
1250000000000000000000000000,0.01,1000,1012515586107464331409196405,1012515586107464331409193396,-3009,-2.97181e-24,1012515586107464331409196407.6169
1250000000000000000000000000,0.01,8760,1012515586107464331409196405,1012515586107464331409175168,-21237,-2.09745e-23,1012515586107464331409196407.6169
1250000000000000000000000000,0.01,30000,1012515586107464331409196405,1012515586107464331409155995,-40410,-3.99105e-23,1012515586107464331409196407.6169
1250000000000000000000000000,0.05,1,1062885846150491237792451904,1062885846150491237792451904,0,0.0,1062885846150491237792451910.7993
1250000000000000000000000000,0.05,2,1062885846150491237792451904,1062885846150491237792451900,-4,-3.76334e-27,1062885846150491237792451910.7993
1250000000000000000000000000,0.05,10,1062885846150491237792451904,1062885846150491237792451895,-9,-8.46751e-27,1062885846150491237792451910.7993
1250000000000000000000000000,0.05,100,1062885846150491237792451904,1062885846150491237792451667,-237,-2.22978e-25,1062885846150491237792451910.7993
1250000000000000000000000000,0.05,1000,1062885846150491237792451904,1062885846150491237792449610,-2294,-2.15828e-24,1062885846150491237792451910.7993
1250000000000000000000000000,0.05,8760,1062885846150491237792451904,1062885846150491237792437882,-14022,-1.31924e-23,1062885846150491237792451910.7993
1250000000000000000000000000,0.05,30000,1062885846150491237792451904,1062885846150491237792405861,-46043,-4.33189e-23,1062885846150491237792451910.7993
1250000000000000000000000000,0.1,1,1126525057992889649450775682,1126525057992889649450775682,0,0.0,1126525057992889649450775690.1213
1250000000000000000000000000,0.1,2,1126525057992889649450775682,1126525057992889649450775678,-4,-3.55074e-27,1126525057992889649450775690.1213
1250000000000000000000000000,0.1,10,1126525057992889649450775682,1126525057992889649450775623,-59,-5.23734e-26,1126525057992889649450775690.1213
1250000000000000000000000000,0.1,100,1126525057992889649450775682,1126525057992889649450775353,-329,-2.92049e-25,1126525057992889649450775690.1213
1250000000000000000000000000,0.1,1000,1126525057992889649450775682,1126525057992889649450773557,-2125,-1.88633e-24,1126525057992889649450775690.1213
1250000000000000000000000000,0.1,8760,1126525057992889649450775682,1126525057992889649450753853,-21829,-1.93773e-23,1126525057992889649450775690.1213
1250000000000000000000000000,0.1,30000,1126525057992889649450775682,1126525057992889649450737944,-37738,-3.34995e-23,1126525057992889649450775690.1213
1250000000000000000000000000,0.25,1,1321714079300705149418796239,1321714079300705149418796239,0,0.0,1321714079300705149418796250.0358
1250000000000000000000000000,0.25,2,1321714079300705149418796239,1321714079300705149418796235,-4,-3.02637e-27,1321714079300705149418796250.0358
1250000000000000000000000000,0.25,10,1321714079300705149418796239,1321714079300705149418796191,-48,-3.63165e-26,1321714079300705149418796250.0358
1250000000000000000000000000,0.25,100,1321714079300705149418796239,1321714079300705149418795823,-416,-3.14743e-25,1321714079300705149418796250.0358
1250000000000000000000000000,0.25,1000,1321714079300705149418796239,1321714079300705149418791761,-4478,-3.38802e-24,1321714079300705149418796250.0358
1250000000000000000000000000,0.25,8760,1321714079300705149418796239,1321714079300705149418774815,-21424,-1.62093e-23,1321714079300705149418796250.0358
1250000000000000000000000000,0.25,30000,1321714079300705149418796239,1321714079300705149418703426,-92813,-7.02217e-23,1321714079300705149418796250.0358
1250000000000000000000000000,0.5,1,1660022879550482388613185393,1660022879550482388613185393,0,0.0,1660022879550482388613185410.1605
1250000000000000000000000000,0.5,2,1660022879550482388613185393,1660022879550482388613185380,-13,-7.83122e-27,1660022879550482388613185410.1605
1250000000000000000000000000,0.5,10,1660022879550482388613185393,1660022879550482388613185310,-83,-4.99993e-26,1660022879550482388613185410.1605
1250000000000000000000000000,0.5,100,1660022879550482388613185393,1660022879550482388613184786,-607,-3.65658e-25,1660022879550482388613185410.1605
1250000000000000000000000000,0.5,1000,1660022879550482388613185393,1660022879550482388613179820,-5573,-3.35718e-24,1660022879550482388613185410.1605
1250000000000000000000000000,0.5,8760,1660022879550482388613185393,1660022879550482388613158062,-27331,-1.64642e-23,1660022879550482388613185410.1605
1250000000000000000000000000,0.5,30000,1660022879550482388613185393,1660022879550482388612994618,-190775,-1.14923e-22,1660022879550482388613185410.1605
1999000000000000000000000000,0.01,1,1020089849717996099502365468,1020089849717996099502365468,0,0.0,1020089849717996099502365474.2826
1999000000000000000000000000,0.01,2,1020089849717996099502365468,1020089849717996099502365460,-8,-7.84245e-27,1020089849717996099502365474.2826
1999000000000000000000000000,0.01,10,1020089849717996099502365468,1020089849717996099502365387,-81,-7.94048e-26,1020089849717996099502365474.2826
1999000000000000000000000000,0.01,100,1020089849717996099502365468,1020089849717996099502364962,-506,-4.96035e-25,1020089849717996099502365474.2826
1999000000000000000000000000,0.01,1000,1020089849717996099502365468,1020089849717996099502358907,-6561,-6.43179e-24,1020089849717996099502365474.2826
1999000000000000000000000000,0.01,8760,1020089849717996099502365468,1020089849717996099502354782,-10686,-1.04755e-23,1020089849717996099502365474.2826
1999000000000000000000000000,0.01,30000,1020089849717996099502365468,1020089849717996099502274365,-91103,-8.93088e-23,1020089849717996099502365474.2826
1999000000000000000000000000,0.05,1,1102446210156221531813162427,1102446210156221531813162427,0,0.0,1102446210156221531813162445.4387
1999000000000000000000000000,0.05,2,1102446210156221531813162427,1102446210156221531813162427,0,0.0,1102446210156221531813162445.4387
1999000000000000000000000000,0.05,10,1102446210156221531813162427,1102446210156221531813162389,-38,-3.44688e-26,1102446210156221531813162445.4387
1999000000000000000000000000,0.05,100,1102446210156221531813162427,1102446210156221531813161745,-682,-6.18624e-25,1102446210156221531813162445.4387
1999000000000000000000000000,0.05,1000,1102446210156221531813162427,1102446210156221531813159274,-3153,-2.86e-24,1102446210156221531813162445.4387
1999000000000000000000000000,0.05,8760,1102446210156221531813162427,1102446210156221531813113988,-48439,-4.39377e-23,1102446210156221531813162445.4387
1999000000000000000000000000,0.05,30000,1102446210156221531813162427,1102446210156221531813041799,-120628,-1.09418e-22,1102446210156221531813162445.4387
1999000000000000000000000000,0.1,1,1209884680178100556641506762,1209884680178100556641506762,0,0.0,1209884680178100556641506779.3261
1999000000000000000000000000,0.1,2,1209884680178100556641506762,1209884680178100556641506755,-7,-5.78568e-27,1209884680178100556641506779.3261
1999000000000000000000000000,0.1,10,1209884680178100556641506762,1209884680178100556641506661,-101,-8.3479e-26,1209884680178100556641506779.3261
1999000000000000000000000000,0.1,100,1209884680178100556641506762,1209884680178100556641505931,-831,-6.86842e-25,1209884680178100556641506779.3261
1999000000000000000000000000,0.1,1000,1209884680178100556641506762,1209884680178100556641502237,-4525,-3.74003e-24,1209884680178100556641506779.3261
1999000000000000000000000000,0.1,8760,1209884680178100556641506762,1209884680178100556641463769,-42993,-3.55348e-23,1209884680178100556641506779.3261
1999000000000000000000000000,0.1,30000,1209884680178100556641506762,1209884680178100556641406362,-100400,-8.29831e-23,1209884680178100556641506779.3261
1999000000000000000000000000,0.25,1,1562151377098994230168673748,1562151377098994230168673748,0,0.0,1562151377098994230168673778.5105
1999000000000000000000000000,0.25,2,1562151377098994230168673748,1562151377098994230168673715,-33,-2.11247e-26,1562151377098994230168673778.5105
1999000000000000000000000000,0.25,10,1562151377098994230168673748,1562151377098994230168673596,-152,-9.73017e-26,1562151377098994230168673778.5105
1999000000000000000000000000,0.25,100,1562151377098994230168673748,1562151377098994230168672510,-1238,-7.92497e-25,1562151377098994230168673778.5105
1999000000000000000000000000,0.25,1000,1562151377098994230168673748,1562151377098994230168665167,-8581,-5.49307e-24,1562151377098994230168673778.5105
1999000000000000000000000000,0.25,8760,1562151377098994230168673748,1562151377098994230168620288,-53460,-3.4222e-23,1562151377098994230168673778.5105
1999000000000000000000000000,0.25,30000,1562151377098994230168673748,1562151377098994230168603821,-69927,-4.47633e-23,1562151377098994230168673778.5105
1999000000000000000000000000,0.5,1,2249087888433960072618239010,2249087888433960072618239010,0,0.0,2249087888433960072618239064.2699
1999000000000000000000000000,0.5,2,2249087888433960072618239010,2249087888433960072618238969,-41,-1.82296e-26,2249087888433960072618239064.2699
1999000000000000000000000000,0.5,10,2249087888433960072618239010,2249087888433960072618238749,-261,-1.16047e-25,2249087888433960072618239064.2699
1999000000000000000000000000,0.5,100,2249087888433960072618239010,2249087888433960072618237154,-1856,-8.25223e-25,2249087888433960072618239064.2699
1999000000000000000000000000,0.5,1000,2249087888433960072618239010,2249087888433960072618227750,-11260,-5.00647e-24,2249087888433960072618239064.2699
1999000000000000000000000000,0.5,8760,2249087888433960072618239010,2249087888433960072618156048,-82962,-3.6887e-23,2249087888433960072618239064.2699
1999000000000000000000000000,0.5,30000,2249087888433960072618239010,2249087888433960072617799185,-439825,-1.95557e-22,2249087888433960072618239064.2699
